{"_wandb":{"runtime":54},"_runtime":54.0335143,"_step":41,"final_train_loss":0.5398878455162048,"final_test_loss":0.6194074749946594,"final_train_loss_std":0.007130228075422829,"test_loss":0.6194074749946594,"train_loss":0.6792297959327698,"_timestamp":1.7464622250609665e+09,"final_test_loss_std":0.008451883420463534}