{"_runtime":13.8984552,"final_test_loss_std":0.011870499952032045,"_timestamp":1.7464536385255263e+09,"final_test_loss":0.8376584649085999,"_step":41,"_wandb":{"runtime":13},"final_train_loss":0.7397081255912781,"final_train_loss_std":0.0102662894936895,"test_loss":0.8340601921081543,"train_loss":0.8546525239944458}