{"_wandb":{"runtime":13},"test_loss":0.5846707224845886,"train_loss":0.5983452200889587,"_step":41,"final_test_loss":0.586828351020813,"final_train_loss_std":0.008115408709115568,"final_train_loss":0.5068491101264954,"_timestamp":1.7464534220430725e+09,"_runtime":13.4234306,"final_test_loss_std":0.00949011084999438}