{"_timestamp":1.7464514614991436e+09,"_runtime":116.9557788,"_step":40,"_wandb":{"runtime":116},"test_loss":0.31504032015800476,"train_loss":0.3522443473339081}