{"_runtime":41.8006436,"final_test_loss_std":0.05422042771273042,"test_loss":5.455810070037842,"final_train_loss":5.125447750091553,"_timestamp":1.7464621649687705e+09,"train_loss":5.147183418273926,"_step":41,"final_test_loss":5.455810070037842,"_wandb":{"runtime":41},"final_train_loss_std":0.050492385934662334}