{"final_test_loss_std":0.005484678792425645,"final_train_loss_std":0.004528618575097505,"_timestamp":1.7464523405124888e+09,"final_test_loss":0.31533554196357727,"train_loss":0.3525862991809845,"_step":41,"final_train_loss":0.26138871908187866,"_wandb":{"runtime":113},"test_loss":0.31533554196357727,"_runtime":113.3638266}