{"train_loss":0.8546525239944458,"final_test_loss_std":0.011870499952032045,"final_test_loss":0.8376584649085999,"_timestamp":1.7464537560702033e+09,"final_train_loss_std":0.0102662894936895,"_runtime":13.6098597,"test_loss":0.8340601921081543,"_wandb":{"runtime":13},"_step":41,"final_train_loss":0.7397081255912781}