{"final_test_loss":0.07351456582546234,"test_loss":0.07351456582546234,"_runtime":92.4804605,"_wandb":{"runtime":92},"_timestamp":1.7464647244633033e+09,"final_train_loss":0.05204806104302406,"final_train_loss_std":0.0011594933631716817,"_step":41,"final_test_loss_std":0.0016166461417345599,"train_loss":0.05341394245624542}