{"final_test_loss_std":0.035339835438771665,"_step":41,"_timestamp":1.746461938942322e+09,"final_train_loss":3.3635528087615967,"final_train_loss_std":0.03286305475188286,"final_test_loss":3.575242519378662,"test_loss":3.575242519378662,"_runtime":60.4069379,"_wandb":{"runtime":60},"train_loss":3.5004007816314697}