{"_timestamp":1.7464517227121572e+09,"_runtime":15.6241776,"_step":4,"_wandb":{"runtime":15},"test_loss":5.185168743133545,"train_loss":4.949676036834717}