{"final_train_loss":0.7165787816047668,"_runtime":115.6993211,"final_test_loss":0.6442663669586182,"final_test_loss_std":0.01272219614096612,"test_loss":0.6442663669586182,"final_train_loss_std":0.013467560177771272,"_wandb":{"runtime":115},"train_loss":0.7515045404434204,"_step":41,"_timestamp":1.7464662892578914e+09}