{"_wandb":{"runtime":60},"final_test_loss":5.219362735748291,"_runtime":60.2401559,"final_train_loss":4.908393383026123,"final_train_loss_std":0.04827037464931257,"_step":41,"test_loss":5.219362735748291,"_timestamp":1.7464643262107577e+09,"train_loss":4.9372711181640625,"final_test_loss_std":0.05178967438601426}