{"_step":4,"test_loss":5.208929538726807,"train_loss":4.967158794403076,"_timestamp":1.7464516945939863e+09,"_wandb":{"runtime":18},"_runtime":18.6964275}