{"_step":41,"test_loss":0.07351456582546234,"_timestamp":1.7464654642395766e+09,"final_test_loss_std":0.0016166461417345599,"final_test_loss":0.07351456582546234,"final_train_loss":0.05204806104302406,"train_loss":0.05341394245624542,"_runtime":80.1904903,"final_train_loss_std":0.0011594933631716817,"_wandb":{"runtime":80}}