{"test_loss":0.07351456582546234,"_runtime":111.8224115,"final_train_loss":0.05204806104302406,"_timestamp":1.746465170200499e+09,"_wandb":{"runtime":111},"final_train_loss_std":0.0011594933631716817,"_step":41,"train_loss":0.05341394245624542,"final_test_loss":0.07351456582546234,"final_test_loss_std":0.0016166461417345599}