{"final_train_loss":0.9723759293556213,"_wandb":{"runtime":13},"_timestamp":1.7464534477048068e+09,"final_test_loss_std":0.0157853049501716,"train_loss":1.092031478881836,"final_train_loss_std":0.013553532429194713,"_runtime":13.173909,"final_test_loss":1.0987046957015991,"test_loss":1.0937650203704834,"_step":41}