{"_runtime":14.0793401,"_wandb":{"runtime":14},"test_loss":0.8340601921081543,"_step":41,"final_train_loss_std":0.0102662894936895,"train_loss":0.8546525239944458,"final_test_loss_std":0.011870499952032045,"_timestamp":1.746453660030776e+09,"final_train_loss":0.7397081255912781,"final_test_loss":0.8376584649085999}