{"final_test_loss_std":0.005479520128291338,"_step":41,"final_train_loss_std":0.004520401401434997,"_wandb":{"runtime":180},"test_loss":0.31504032015800476,"train_loss":0.3522443473339081,"final_train_loss":0.2609580457210541,"_runtime":180.289701,"_timestamp":1.7464613774531324e+09,"final_test_loss":0.31504032015800476}