{"test_loss":0.6194074749946594,"final_test_loss":0.6194074749946594,"final_train_loss":0.5398878455162048,"_wandb":{"runtime":15},"final_train_loss_std":0.007130228075422829,"_timestamp":1.7464534021938598e+09,"final_test_loss_std":0.008451883420463534,"_step":41,"train_loss":0.6655879616737366,"_runtime":15.2358646}