{"final_test_loss_std":0.008451883420463534,"train_loss":0.6792297959327698,"_runtime":73.2357288,"final_train_loss":0.5398878455162048,"final_test_loss":0.6194074749946594,"test_loss":0.6194074749946594,"_wandb":{"runtime":73},"_timestamp":1.7464626013529565e+09,"final_train_loss_std":0.007130228075422829,"_step":41}