{"final_train_loss_std":0.0011594933631716817,"_step":41,"test_loss":0.07351456582546234,"_runtime":71.5192168,"final_train_loss":0.05204806104302406,"train_loss":0.05341394245624542,"_timestamp":1.7464648087585473e+09,"_wandb":{"runtime":71},"final_test_loss_std":0.0016166461417345599,"final_test_loss":0.07351456582546234}