{"test_loss":0.6194074749946594,"final_train_loss_std":0.007130228075422829,"_wandb":{"runtime":44},"_runtime":44.8267115,"_step":41,"final_test_loss":0.6194074749946594,"train_loss":0.6792297959327698,"_timestamp":1.7464652216362898e+09,"final_test_loss_std":0.008451883420463534,"final_train_loss":0.5398878455162048}