{"final_train_loss":0.5398878455162048,"train_loss":0.6793737411499023,"_step":41,"final_test_loss":0.6194074749946594,"final_test_loss_std":0.008451883420463534,"_runtime":99.4809296,"test_loss":0.6194074749946594,"final_train_loss_std":0.007130228075422829,"_wandb":{"runtime":99},"_timestamp":1.746454047629483e+09}