{"test_loss":408.7616271972656,"_runtime":1025.9867754,"_step":41,"final_train_loss_std":66.64705735715985,"final_test_loss_std":69.97683258755252,"train_loss":341.5882873535156,"_timestamp":1.7464637871439645e+09,"final_test_loss":408.7616271972656,"final_train_loss":394.9106140136719,"_wandb":{"runtime":1026}}