{"final_test_loss":0.07351456582546234,"_wandb":{"runtime":69},"_timestamp":1.746464547105875e+09,"_step":41,"test_loss":0.07351456582546234,"train_loss":0.05341394245624542,"final_train_loss_std":0.0011594933631716817,"_runtime":69.3506014,"final_test_loss_std":0.0016166461417345599,"final_train_loss":0.05204806104302406}