{"_runtime":74.448984,"test_loss":0.07351456582546234,"final_test_loss":0.07351456582546234,"_wandb":{"runtime":74},"final_train_loss_std":0.0011594933631716817,"train_loss":0.05341394245624542,"final_train_loss":0.05204806104302406,"_timestamp":1.7464646272306926e+09,"_step":41,"final_test_loss_std":0.0016166461417345599}