{"_runtime":13.6383308,"final_test_loss_std":0.011870499952032045,"train_loss":0.8546525239944458,"_timestamp":1.7464537121434133e+09,"_wandb":{"runtime":13},"_step":41,"final_train_loss":0.7397081255912781,"final_train_loss_std":0.0102662894936895,"test_loss":0.8340601921081543,"final_test_loss":0.8376584649085999}