{"final_test_loss_std":0.01272219614096612,"_wandb":{"runtime":177},"train_loss":0.7515045404434204,"_runtime":177.2278695,"final_train_loss":0.7165787816047668,"final_train_loss_std":0.013467560177771272,"final_test_loss":0.6442663669586182,"_step":41,"test_loss":0.6442663669586182,"_timestamp":1.74646564633133e+09}