{"_wandb":{"runtime":53},"final_train_loss_std":0.05058391088627818,"_step":41,"test_loss":5.4666852951049805,"train_loss":5.15698766708374,"final_train_loss":5.134781837463379,"_timestamp":1.7464627565704823e+09,"_runtime":53.5229032,"final_test_loss":5.4666852951049805,"final_test_loss_std":0.05432663811676624}