{"final_train_loss_std":0.0011594933631716817,"final_test_loss_std":0.0016166461417345599,"final_test_loss":0.07351456582546234,"test_loss":0.07351456582546234,"train_loss":0.05341394245624542,"_step":41,"_wandb":{"runtime":80},"final_train_loss":0.05204806104302406,"_timestamp":1.7464650537535505e+09,"_runtime":80.5655451}