{"_timestamp":1.7464625211691892e+09,"final_train_loss_std":0.007130228075422829,"final_test_loss":0.6194074749946594,"train_loss":0.6792297959327698,"_wandb":{"runtime":104},"_runtime":104.7466577,"final_test_loss_std":0.008451883420463534,"final_train_loss":0.5398878455162048,"test_loss":0.6194074749946594,"_step":41}