{"_runtime":59.7148395,"test_loss":0.6194074749946594,"final_train_loss":0.5398878455162048,"train_loss":0.6792297959327698,"final_train_loss_std":0.007130228075422829,"final_test_loss":0.6194074749946594,"final_test_loss_std":0.008451883420463534,"_wandb":{"runtime":59},"_timestamp":1.7464624118576028e+09,"_step":41}