{"_runtime":76.3992094,"_wandb":{"runtime":76},"train_loss":0.05341394245624542,"final_test_loss":0.07351456582546234,"_step":41,"final_test_loss_std":0.0016166461417345599,"test_loss":0.07351456582546234,"final_train_loss":0.05204806104302406,"final_train_loss_std":0.0011594933631716817,"_timestamp":1.7464641721116567e+09}