{"final_test_loss_std":0.05178967438601426,"final_train_loss":4.908393383026123,"final_test_loss":5.219362735748291,"_wandb":{"runtime":44},"test_loss":5.219362735748291,"_step":41,"train_loss":4.9372711181640625,"_runtime":44.3786482,"final_train_loss_std":0.04827037464931257,"_timestamp":1.746464856756314e+09}