{"_step":41,"final_test_loss_std":0.011870499952032045,"_wandb":{"runtime":13},"_timestamp":1.7464537301683135e+09,"final_test_loss":0.8376584649085999,"final_train_loss_std":0.0102662894936895,"final_train_loss":0.7397081255912781,"train_loss":0.8546525239944458,"_runtime":13.6953904,"test_loss":0.8340601921081543}