{"_wandb":{"runtime":63},"final_train_loss":0.05204806104302406,"train_loss":0.05341394245624542,"final_test_loss_std":0.0016166461417345599,"test_loss":0.07351456582546234,"_timestamp":1.7464643978056846e+09,"final_train_loss_std":0.0011594933631716817,"final_test_loss":0.07351456582546234,"_runtime":63.4994224,"_step":41}