{"final_train_loss_std":0.007130228075422829,"_runtime":53.2111955,"test_loss":0.6194074749946594,"final_train_loss":0.5398878455162048,"final_test_loss_std":0.008451883420463534,"final_test_loss":0.6194074749946594,"_wandb":{"runtime":53},"_step":41,"_timestamp":1.7464653785829802e+09,"train_loss":0.6792297959327698}