{"_runtime":14.5252953,"final_test_loss":0.8376584649085999,"_step":41,"_timestamp":1.7464535890498965e+09,"test_loss":0.8340601921081543,"final_test_loss_std":0.011870499952032045,"final_train_loss":0.7397081255912781,"_wandb":{"runtime":14},"train_loss":0.8546525239944458,"final_train_loss_std":0.0102662894936895}