{"_timestamp":1.746454519295419e+09,"_wandb":{"runtime":82},"_step":41,"final_train_loss":0.2609580457210541,"train_loss":0.3522443473339081,"_runtime":82.3363689,"test_loss":0.31504032015800476,"final_test_loss":0.31504032015800476,"final_train_loss_std":0.004520401401434997,"final_test_loss_std":0.005479520128291338}