{"_wandb":{"runtime":72},"_step":41,"final_test_loss":3.575242519378662,"test_loss":3.575242519378662,"_timestamp":1.7464620237104902e+09,"final_train_loss_std":0.03286305475188286,"final_train_loss":3.3635528087615967,"_runtime":72.2211213,"final_test_loss_std":0.035339835438771665,"train_loss":3.5004007816314697}